{
  "lang":"ru",
  "name":"pipeline",
  "version":"0.0.0",
  "spacy_version":">=3.7.4,<3.8.0",
  "description":"",
  "author":"",
  "email":"",
  "url":"",
  "license":"",
  "spacy_git_version":"bff8725f4",
  "vectors":{
    "width":0,
    "vectors":0,
    "keys":0,
    "name":null,
    "mode":"default"
  },
  "labels":{
    "tok2vec":[

    ],
    "ner":[
      "AGE",
      "AWARD",
      "CITY",
      "COUNTRY",
      "CRIME",
      "DATE",
      "DISEASE",
      "DISTRICT",
      "EVENT",
      "FACILITY",
      "FAMILY",
      "IDEOLOGY",
      "LANGUAGE",
      "LAW",
      "LOCATION",
      "MONEY",
      "NATIONALITY",
      "NUMBER",
      "ORDINAL",
      "ORGANIZATION",
      "PENALTY",
      "PERCENT",
      "PERSON",
      "PRODUCT",
      "PROFESSION",
      "RELIGION",
      "STATE_OR_PROVINCE",
      "TIME",
      "WORK_OF_ART"
    ]
  },
  "pipeline":[
    "tok2vec",
    "ner"
  ],
  "components":[
    "tok2vec",
    "ner"
  ],
  "disabled":[

  ],
  "performance":{
    "ents_f":0.996937181,
    "ents_p":0.9971241612,
    "ents_r":0.9967502708,
    "ents_per_type":{
      "CITY":{
        "p":1.0,
        "r":0.9975369458,
        "f":0.9987669544
      },
      "EVENT":{
        "p":0.9946684439,
        "r":0.9966611018,
        "f":0.9956637759
      },
      "FAMILY":{
        "p":0.9565217391,
        "r":1.0,
        "f":0.9777777778
      },
      "LOCATION":{
        "p":0.9948717949,
        "r":0.9797979798,
        "f":0.9872773537
      },
      "DATE":{
        "p":0.9983613273,
        "r":0.9963205233,
        "f":0.9973398813
      },
      "AGE":{
        "p":0.9984423676,
        "r":1.0,
        "f":0.9992205768
      },
      "PERSON":{
        "p":0.9989576819,
        "r":0.9989576819,
        "f":0.9989576819
      },
      "CRIME":{
        "p":0.9944444444,
        "r":0.9781420765,
        "f":0.9862258953
      },
      "ORGANIZATION":{
        "p":0.9977186312,
        "r":0.9950701555,
        "f":0.9963926334
      },
      "ORDINAL":{
        "p":1.0,
        "r":0.9946091644,
        "f":0.9972972973
      },
      "DISTRICT":{
        "p":0.9827586207,
        "r":1.0,
        "f":0.9913043478
      },
      "AWARD":{
        "p":0.9929577465,
        "r":0.9757785467,
        "f":0.9842931937
      },
      "PROFESSION":{
        "p":0.9989100817,
        "r":0.9997272975,
        "f":0.9993185226
      },
      "COUNTRY":{
        "p":0.9992193599,
        "r":0.9984399376,
        "f":0.9988294967
      },
      "NUMBER":{
        "p":0.9978540773,
        "r":0.9978540773,
        "f":0.9978540773
      },
      "DISEASE":{
        "p":0.9942857143,
        "r":1.0,
        "f":0.9971346705
      },
      "TIME":{
        "p":0.9882352941,
        "r":0.9824561404,
        "f":0.9853372434
      },
      "FACILITY":{
        "p":0.9895287958,
        "r":0.9921259843,
        "f":0.9908256881
      },
      "WORK_OF_ART":{
        "p":0.9924242424,
        "r":0.9961977186,
        "f":0.9943074004
      },
      "LAW":{
        "p":0.98046875,
        "r":0.98046875,
        "f":0.98046875
      },
      "MONEY":{
        "p":0.9940828402,
        "r":1.0,
        "f":0.9970326409
      },
      "NATIONALITY":{
        "p":1.0,
        "r":0.9924623116,
        "f":0.9962168979
      },
      "IDEOLOGY":{
        "p":0.9945054945,
        "r":0.9945054945,
        "f":0.9945054945
      },
      "STATE_OR_PROVINCE":{
        "p":0.9956896552,
        "r":1.0,
        "f":0.9978401728
      },
      "PRODUCT":{
        "p":0.9826086957,
        "r":0.9955947137,
        "f":0.989059081
      },
      "PERCENT":{
        "p":1.0,
        "r":1.0,
        "f":1.0
      },
      "LANGUAGE":{
        "p":1.0,
        "r":1.0,
        "f":1.0
      },
      "PENALTY":{
        "p":0.9682539683,
        "r":1.0,
        "f":0.9838709677
      },
      "RELIGION":{
        "p":0.976744186,
        "r":1.0,
        "f":0.9882352941
      }
    },
    "tok2vec_loss":3964.6755535512,
    "ner_loss":1491.856728181
  }
}